COD_LOTE;DATA_INICIO;DATA_FIM;ETAPA_ZONA;VAGAO_ESTEIRA;SERVICO_LOTE;DURACAO_DIAS;EQUIPE_PREVISTA;HEADCOUNT_PREVISTO;STATUS_EXECUCAO;RDO_VINCULADO
A01;01/10/2026;12/10/2026;Zona 01 - Recepção/Diretoria;Vagão 01: Topografia & Canteiro;Mobilização de Canteiro NR-18 e Locação Geral com Estação Total;10;1 Topógrafo + 2 Ajudantes + 4 Serventes + Engenheiro Residente;8;CONCLUIDO;RDO-001
A02;13/10/2026;19/10/2026;Zona 01 a 03 (Fundações Gerais);Vagão 02: Fundações Sapatas;Escavação Mecanizada de Cavas e Valas de Fundação (S1 a S32);6;1 Operador de Retroescavadeira + 2 Armadores (Bancada) + 4 Serventes;7;CONCLUIDO;RDO-002
A03;20/10/2026;27/10/2026;Zona 01 a 03 (Fundações Gerais);Vagão 02: Fundações Sapatas;Concreto Magro, Fôrmas, Armação e Concretagem das 32 Sapatas Isoladas;7;3 Carpinteiros + 2 Armadores + 2 Pedreiros + 4 Serventes;11;CONCLUIDO;RDO-003
A04;28/10/2026;05/11/2026;Zona 01 a 03 (Baldrames Térreo);Vagão 03: Vigas Baldrames;Fôrmas, Armação e Concretagem das Vigas Baldrames VB1 a VB19;8;4 Carpinteiros + 3 Armadores + 2 Pedreiros + 5 Serventes;14;PROGRAMADO;
A05;06/11/2026;09/11/2026;Zona 01 a 03 (Baldrames Térreo);Vagão 03: Vigas Baldrames;Impermeabilização Asfáltica com Tinta Betuminosa em Baldrames (Portão 1);3;2 Impermeabilizadores + 3 Serventes (SUB-01);5;PROGRAMADO;
A06;10/11/2026;12/11/2026;Zona 01 a 03 (Cota Zero);Vagão 01: Topografia & Canteiro;Reaterro Compactado com Solo Cimento, Nivelamento e Bota-fora;3;1 Operador + 1 Compactadorista + 3 Serventes;5;PROGRAMADO;
A07;13/11/2026;23/11/2026;Zona 01 a 03 (Pilares P1 a P24);Vagão 04: Pilares Supraestrutura;Fôrmas, Armação, Prumo e Concretagem dos 24 Pilares de Supraestrutura;9;4 Carpinteiros + 3 Armadores + 2 Pedreiros + 5 Serventes;14;PROGRAMADO;
A08;24/11/2026;02/12/2026;Zona 01 a 03 (Vigamento Superior);Vagão 05: Vigas & Laje H12;Cimbramento Metálico, Fôrmas e Armação das Vigas Superiores V101 a V115;8;4 Carpinteiros + 3 Armadores + 2 Pedreiros + 5 Serventes;14;PROGRAMADO;
A09;03/12/2026;09/12/2026;Térreo Geral (Laje Superior H12);Vagão 05: Vigas & Laje H12;Vigotas Treliçadas, Blocos EPS, Malha Q-138 e Concretagem da Laje H12;6;1 Mestre + 4 Carpinteiros + 3 Pedreiros + 6 Serventes;14;PROGRAMADO;
A10;10/12/2026;23/12/2026;Térreo Geral (Laje Superior H12);Vagão 05: Vigas & Laje H12;Cura Úmida Contínua e Desforma Controlada com Re-escoramento (Portão 2);12;2 Carpinteiros + 2 Serventes (SUB-01);4;PROGRAMADO;
A11;24/12/2026;04/01/2027;Zona 04 - Cobertura e Platibanda;Vagão 07: Cobertura Metálica;Montagem das Terças Metálicas da Cobertura em Perfil U e Rufos;10;3 Montadores Especialistas + 2 Ajudantes + 4 Serventes Apoio;9;PROGRAMADO;
A12;24/12/2026;15/01/2027;Zona 01 a 03 (Alvenarias Internas);Vagão 06: Alvenaria de Vedação;Alvenaria de Vedação em Blocos de Concreto 14x19x39 com Vergas e Telas;20;5 Pedreiros + 5 Serventes (SUB-02);10;PROGRAMADO;
A13;16/01/2027;27/01/2027;Zona 04 - Cobertura e Platibanda;Vagão 07: Cobertura Metálica;Instalação de Telhas Termoacústicas Sandwich PIR 30mm, Calhas e Platibanda;10;3 Montadores Especialistas + 2 Ajudantes + 4 Serventes Apoio;9;PROGRAMADO;
A14;28/01/2027;08/02/2027;Zona 01 a 03 (Elétrica Embutida);Vagão 08: Instalações Embutidas;Abertura de Rasgos, Eletrodutos PVC, Caixas 4x2 e Quadros QGBT/QDF;10;2 Eletricistas Oficiais + 2 Ajudantes + 2 Serventes (SUB-03);6;PROGRAMADO;
A15;28/01/2027;08/02/2027;Zona 03 - Sanitários e Apoio;Vagão 08: Instalações Embutidas;Tubulações Soldáveis de Água Fria, Esgoto Primário/Secundário e Pluvial;10;2 Encanadores Oficiais + 2 Ajudantes + 2 Serventes (SUB-04);6;PROGRAMADO;
A16;09/02/2027;11/02/2027;Zona 03 - Sanitários e Apoio;Vagão 08: Instalações Embutidas;Teste Hidrostático Pressurizado 72h em Redes de Água e Esgoto (Portão 3);3;1 Encanador Oficial + 1 TST + 2 Serventes;4;PROGRAMADO;
A17;12/02/2027;27/02/2027;Zona 01 a 03 (Revestimento Interno);Vagão 09: Reboco Paulista;Chapisco Rolado com Resina e Emboço/Reboco Paulista Projetado Mecanicamente;14;4 Pedreiros + 4 Serventes (SUB-02);8;PROGRAMADO;
A18;01/03/2027;03/03/2027;Zona 03 - Sanitários e Apoio;Vagão 10: Pisos & Porcelanato;Impermeabilização com Membrana Polimérica Flexível em Sanitários e Copa;3;2 Impermeabilizadores + 2 Serventes (SUB-01);4;PROGRAMADO;
A19;01/03/2027;06/03/2027;Zona 01 a 03 (Contrapiso Térreo);Vagão 10: Pisos & Porcelanato;Execução de Contrapiso Sarrafeado e Regularizado com Nível Laser e=3cm;6;3 Pedreiros + 4 Serventes (SUB-02);7;PROGRAMADO;
A20;01/03/2027;11/03/2027;Zona 01 a 03 (Infraestrutura HVAC);Vagão 12: Climatização HVAC;Infraestrutura de Tubulações Frigorígenas de Cobre, Isolamento e Drenos;10;2 Mecânicos de Refrigeração + 2 Ajudantes (SUB-08);4;PROGRAMADO;
A21;01/03/2027;09/03/2027;Zona 01 a 04 (Vedações Externas);Vagão 11: Esquadrias de Alumínio;Fixação de Caixilhos, Janelas Linha Suprema, Vidros Temperados e Portas;8;2 Montadores de Esquadrias + 2 Ajudantes (SUB-07);4;PROGRAMADO;
A22;08/03/2027;23/03/2027;Zona 01 a 03 (Pisos Nobres);Vagão 10: Pisos & Porcelanato;Assentamento de Porcelanato Retificado 60x60cm e Azulejos nas Paredes dos WCs;14;4 Ladrilhistas Especialistas + 4 Ajudantes (SUB-05);8;PROGRAMADO;
A23;01/03/2027;11/03/2027;Zona 01 a 03 (Cabeamento);Vagão 13: Acabamentos Elétr./Hidr.;Enfiamento de Cabos Elétricos Antichama 750V e Cabeamento Lógica Cat.6;10;2 Eletricistas Oficiais + 2 Cabistas de Rede (SUB-03);4;PROGRAMADO;
A24;24/03/2027;27/03/2027;Zona 01 a 03 (Acabamento Pisos);Vagão 10: Pisos & Porcelanato;Rejuntamento Resinado Geral, Rodapés em Porcelanato e Forração de Proteção;4;3 Ladrilhistas + 3 Ajudantes (SUB-05);6;PROGRAMADO;
A25;29/03/2027;02/04/2027;Zona 01 a 03 (Paredes e Forros);Vagão 14: Pintura Acrílica Final;Selador Primer, Emassamento Acrílico com Lixamento e 1ª Demão (Portão 4);5;4 Pintores Oficiais + 2 Ajudantes (SUB-06);6;PROGRAMADO;
A26;03/04/2027;09/04/2027;Zona 01 a 04 (Equipamentos Nobres);Vagão 12: Climatização HVAC;Instalação de Evaporadoras Cassete, Condensadoras, Vácuo e Carga de Gás;6;2 Técnicos Especialistas em Refrigeração + 2 Ajudantes (SUB-08);4;PROGRAMADO;
A27;03/04/2027;09/04/2027;Zona 03 - Sanitários e Apoio;Vagão 13: Acabamentos Elétr./Hidr.;Instalação de Louças Sanitárias Deca, Cubas de Embutir e Metais Nobres Docol;6;2 Encanadores Oficiais + 2 Ajudantes (SUB-04);4;PROGRAMADO;
A28;03/04/2027;08/04/2027;Zona 01 a 03 (Dispositivos Finais);Vagão 13: Acabamentos Elétr./Hidr.;Fixação de Luminárias Painel LED 40W, Espelhos, Tomadas e Interruptores;5;2 Eletricistas Oficiais + 2 Ajudantes (SUB-03);4;PROGRAMADO;
A29;10/04/2027;17/04/2027;Zona 01 a 03 (Acabamento Fino);Vagão 14: Pintura Acrílica Final;Demãos Finais de Pintura Látex Acrílica Fosca Lavável e Retoques Finais;7;4 Pintores Oficiais + 2 Ajudantes (SUB-06);6;PROGRAMADO;
A30;19/04/2027;24/04/2027;Edifício Administrativo Turnkey;Vagão 15: Comissionamento & Entrega;Comissionamento Integrado sob Carga, Termografia Fluke e Testes Globais;6;Engenheiro Residente + Eletrotécnico + Técnico HVAC + TST;4;PROGRAMADO;
A31;26/04/2027;30/04/2027;Edifício Administrativo Turnkey;Vagão 15: Comissionamento & Entrega;Limpeza Química Pós-Obra, As-Built, Desmobilização e Entrega de Chaves Turnkey;5;Diretoria Técnica + Engenheiro Residente + Equipe Limpeza Fina;6;PROGRAMADO;
