"LOCAL_PAVIMENTO";"SEQUENCIA";"ATIVIDADE";"EQUIPE_RESPONSAVEL";"RITMO_DIAS_POR_LOCAL";"DATA_INICIO";"DATA_FIM"
"Pavimento 01";"1";"Estrutura de Concreto";"Empreiteiro João";"5";"01/10/2026";"05/10/2026"
"Pavimento 01";"2";"Alvenaria de Vedação";"Empreiteiro Silva";"4";"06/10/2026";"09/10/2026"
"Pavimento 01";"3";"Instalações Hidráulicas";"Hidráulica XYZ";"3";"10/10/2026";"12/10/2026"
"Pavimento 02";"1";"Estrutura de Concreto";"Empreiteiro João";"5";"06/10/2026";"10/10/2026"
"Pavimento 02";"2";"Alvenaria de Vedação";"Empreiteiro Silva";"4";"11/10/2026";"14/10/2026"
"Pavimento 02";"3";"Instalações Hidráulicas";"Hidráulica XYZ";"3";"15/10/2026";"17/10/2026"
"Pavimento 03";"1";"Estrutura de Concreto";"Empreiteiro João";"5";"11/10/2026";"15/10/2026"
"Pavimento 03";"2";"Alvenaria de Vedação";"Empreiteiro Silva";"4";"16/10/2026";"19/10/2026"
"Pavimento 03";"3";"Instalações Hidráulicas";"Hidráulica XYZ";"3";"20/10/2026";"22/10/2026"
