item;codigo;titulo;revisao;arquivo_pdf;carimbo_img
1;U-3.DES-2.3100-11-EGS-051;Estrutura - Fôrmas e Armação de Sapatas e Baldrames (Prancha 01);A;EDIFICIO_ADMINISTRATIVO/AÇU-3.DES-2.3100-11-EGS-051 rev.A.pdf;EDIFICIO_ADMINISTRATIVO\_carimbos_extraidos\AÇU-3.DES-2.3100-11-EGS-051 rev.A_carimbo.png
2;U-3.DES-2.3100-11-EGS-052;Estrutura - Planta e Cortes de Detalhamento de Sapatas (Prancha 02);A;EDIFICIO_ADMINISTRATIVO/AÇU-3.DES-2.3100-11-EGS-052 rev.A.pdf;EDIFICIO_ADMINISTRATIVO\_carimbos_extraidos\AÇU-3.DES-2.3100-11-EGS-052 rev.A_carimbo.png
3;U-3.DES-2.3100-11-EGS-053;Estrutura - Detalhamento de Armação de Vigas VB1 a VB6;A;EDIFICIO_ADMINISTRATIVO/AÇU-3.DES-2.3100-11-EGS-053 rev.A.pdf;EDIFICIO_ADMINISTRATIVO\_carimbos_extraidos\AÇU-3.DES-2.3100-11-EGS-053 rev.A_carimbo.png
4;U-3.DES-2.3100-11-EGS-054;Estrutura - Detalhamento de Armação de Vigas VB11 a VB18;A;EDIFICIO_ADMINISTRATIVO/AÇU-3.DES-2.3100-11-EGS-054 rev.A.pdf;EDIFICIO_ADMINISTRATIVO\_carimbos_extraidos\AÇU-3.DES-2.3100-11-EGS-054 rev.A_carimbo.png
5;U-3.DES-2.3100-11-EGS-055;Estrutura - Fôrma e Detalhes das Nervuras das Lajes;A;EDIFICIO_ADMINISTRATIVO/AÇU-3.DES-2.3100-11-EGS-055 rev.A.pdf;EDIFICIO_ADMINISTRATIVO\_carimbos_extraidos\AÇU-3.DES-2.3100-11-EGS-055 rev.A_carimbo.png
6;U-3.DES-2.3100-11-EGS-056;Estrutura - Planta de Cobertura e Laje L2;A;EDIFICIO_ADMINISTRATIVO/AÇU-3.DES-2.3100-11-EGS-056 rev.A.pdf;EDIFICIO_ADMINISTRATIVO\_carimbos_extraidos\AÇU-3.DES-2.3100-11-EGS-056 rev.A_carimbo.png
7;U-3.DES-2.3100-11-EGS-057;Estrutura - Tabela de Dobramento de Aço e Relação de Armações;A;EDIFICIO_ADMINISTRATIVO/AÇU-3.DES-2.3100-11-EGS-057 rev.A.pdf;EDIFICIO_ADMINISTRATIVO\_carimbos_extraidos\AÇU-3.DES-2.3100-11-EGS-057 rev.A_carimbo.png
8;U-3.DES-2.3100-11-EGS-059;Estrutura - Quadro Geral de Resumo de Aço e Concreto;A;EDIFICIO_ADMINISTRATIVO/AÇU-3.DES-2.3100-11-EGS-059 rev.A.pdf;EDIFICIO_ADMINISTRATIVO\_carimbos_extraidos\AÇU-3.DES-2.3100-11-EGS-059 rev.A_carimbo.png
9;U-3.DES-2.3100-11-EGS-060;Estrutura - Locação de Pilares V114 e Cobertura;A;EDIFICIO_ADMINISTRATIVO/AÇU-3.DES-2.3100-11-EGS-060 rev.A.pdf;EDIFICIO_ADMINISTRATIVO\_carimbos_extraidos\AÇU-3.DES-2.3100-11-EGS-060 rev.A_carimbo.png
10;U-3.DES-2.3100-15-EGS-015;Arquitetura - Layout de Pavimento e Legenda de Acabamentos (01);A;EDIFICIO_ADMINISTRATIVO/AÇU-3.DES-2.3100-15-EGS-015 rev.A.pdf;EDIFICIO_ADMINISTRATIVO\_carimbos_extraidos\AÇU-3.DES-2.3100-15-EGS-015 rev.A_carimbo.png
11;U-3.DES-2.3100-15-EGS-016;Arquitetura - Legenda e Tabela Geral de Acabamentos (02);A;EDIFICIO_ADMINISTRATIVO/AÇU-3.DES-2.3100-15-EGS-016 rev.A.pdf;EDIFICIO_ADMINISTRATIVO\_carimbos_extraidos\AÇU-3.DES-2.3100-15-EGS-016 rev.A_carimbo.png
12;U-3.DES-2.3100-15-EGS-017;Arquitetura - Cortes Gerais e Acessos do Edifício;A;EDIFICIO_ADMINISTRATIVO/AÇU-3.DES-2.3100-15-EGS-017 rev.A.pdf;EDIFICIO_ADMINISTRATIVO\_carimbos_extraidos\AÇU-3.DES-2.3100-15-EGS-017 rev.A_carimbo.png
13;U-3.DES-2.3100-15-EGS-018;Arquitetura - Planta Baixa de Modulação de Ambientes;A;EDIFICIO_ADMINISTRATIVO/AÇU-3.DES-2.3100-15-EGS-018 rev.A.pdf;EDIFICIO_ADMINISTRATIVO\_carimbos_extraidos\AÇU-3.DES-2.3100-15-EGS-018 rev.A_carimbo.png
14;U-3.DES-2.3100-15-EGS-019;Arquitetura - Elevações e Fachadas Principais;A;EDIFICIO_ADMINISTRATIVO/AÇU-3.DES-2.3100-15-EGS-019 rev.A.pdf;EDIFICIO_ADMINISTRATIVO\_carimbos_extraidos\AÇU-3.DES-2.3100-15-EGS-019 rev.A_carimbo.png
15;U-3.DES-2.3100-16-EGS-013;Instalações - Esquema Unifilar e Diagrama Elétrico;0;EDIFICIO_ADMINISTRATIVO/AÇU-3.DES-2.3100-16-EGS-013 rev.0.pdf;EDIFICIO_ADMINISTRATIVO\_carimbos_extraidos\AÇU-3.DES-2.3100-16-EGS-013 rev.0_carimbo.png
16;U-3.DES-2.3100-16-EGS-015;Instalações - Esqueletos Hidráulicos e Prumadas de Água/Esgoto;0;EDIFICIO_ADMINISTRATIVO/AÇU-3.DES-2.3100-16-EGS-015 rev.0.pdf;EDIFICIO_ADMINISTRATIVO\_carimbos_extraidos\AÇU-3.DES-2.3100-16-EGS-015 rev.0_carimbo.png
17;U-3.DES-2.3100-64-EGS-008;HVAC - Distribuição de Dutos e Climatização Edifício Administrativo;A;EDIFICIO_ADMINISTRATIVO/AÇU-3.DES-2.3100-64-EGS-008 rev.A.pdf;EDIFICIO_ADMINISTRATIVO\_carimbos_extraidos\AÇU-3.DES-2.3100-64-EGS-008 rev.A_carimbo.png
