Categoria / Disciplina;Descrição do Insumo / Miudeza de Canteiro;Quantidade Comercial UCC;Unidade Comercial;Observação Técnica / Aplicação
Estrutura/Fôrmas;Chapa Compensado Resinado 17mm (2,20m x 1,10m);552;chapas;Substituição e reaproveitamento 3x para infra/supra
Estrutura/Fôrmas;Prego c/ Cabeça 17x27mm (para Fôrmas);120;kg (6 caixas 20kg);Consumo 0,20 kg/m² de fôrma (597 m² fôrmas)
Estrutura/Fôrmas;Prego c/ Cabeça 18x30mm (para Gravatas e Trava);80;kg (4 caixas 20kg);Consumo para travamento de pilares e vigas
Estrutura/Fôrmas;Desmoldante Biodegradável para Fôrmas;90;L (5 galões 18L);Consumo 0,15 L/m² de fôrma
Estrutura/Fôrmas;Tábua de 3ª 2,5x30cm Pinus/Eucalipto (Varas 3m);120;varas;Gravatas, sarrafos e alinhamento de fôrmas
Estrutura/Fôrmas;Escoramento Metálico/Cimbramento;1178.88;m²·m;Locação por período para lajes e vigas
Aço/Armadura;Aço CA-50 Ø10,0mm / Ø12,5mm / Ø16,0mm;988;barras de 12m;Infraestrutura (302 bar) + Supraestrutura (686 bar)
Aço/Armadura;Aço CA-60 Ø5,0mm / Ø6,3mm (Estribos);1282;barras de 12m;Infraestrutura (373 bar) + Supraestrutura (909 bar)
Aço/Armadura;Arame Recozido BWG 18 (Amarração);215;kg (215 rolos 1kg);Consumo 1,5% do peso de aço (14.856 kg)
Aço/Armadura;Espaçador/Pastilha Concreto Cobrimento 40mm;1313;unidades;Blocos de coroamento e vigas baldrame
Aço/Armadura;Espaçador Plástico de Cobrimento 25mm/30mm;2993;unidades;Pilares, vigas e laje de supraestrutura
Concreto/Solo;Concreto Usinado fck 30 MPa (Bomba);124;m³ (16 betoneiras 8m³);Infraestrutura (45m³) + Supraestrutura (79m³)
Concreto/Solo;Concreto Magro fck 15 MPa (Lastro);10;m³ (2 betoneiras 8m³);Lastro das cavas de fundação e baldrames
Concreto/Solo;Argamassa Pronta p/ Emboço/Reboco (sacos 20kg);462;sacos de 20kg;Paredes internas e face interna da platibanda
Concreto/Solo;Cimento Portland CP II-Z-32 (sacos 50kg);75;sacos de 50kg;Chapisco e regularizações de canteiro
Alvenaria/Vedação;Bloco Concreto Inteiro B144 (14x19x39cm);13790;blocos inteiros;Vedação (13.370 un) + Platibanda (420 un)
Alvenaria/Vedação;Meio Bloco Concreto B142 (14x19x19cm);534;meios blocos;Amarração de cantos e vãos sem quebra de blocos
Alvenaria/Vedação;Bloco Canaleta Concreto C144 (14x19x39cm);296;blocos canaleta;Vergas e contravergas de portas e janelas
Alvenaria/Vedação;Graute Fino Industrializado p/ Canaletas;75;sacos 25kg;Preenchimento estrutural de canaletas (1,49 m³)
Alvenaria/Vedação;Barra de Aço CA-50 Ø8,0mm p/ Vergas;20;barras 12m;Armadura longitudinal de vergas/contravergas (93,2 kg)
Alvenaria/Vedação;Tela Metálica Galvanizada 15x50cm;353;telas de amarração;Amarração pilar-alvenaria a cada 2 fiadas
Alvenaria/Vedação;Pinos de Aço c/ Arruela p/ Finca-Pinos;8;caixas 100un;Fixação das telas de amarração nos pilares (742 un)
Alvenaria/Vedação;Cimento Portland CP II-E-32 (Assentamento);116;sacos 50kg;Argamassa de assentamento traço 1:2:8
Alvenaria/Vedação;Cal Hidratada CH-I (Assentamento);101;sacos 20kg;Argamassa de assentamento traço 1:2:8
Alvenaria/Vedação;Areia Média Lavada (Assentamento);24.5;m³;Areia para argamassa de assentamento
Alvenaria/Vedação;Encunhamento Flexível no Topo;385;m lineares;Fechamento elástico topo alvenaria sob vigas
Alvenaria/Vedação;Bloco Concreto 9x19x39cm (Muretas);594;blocos 9x19x39cm;Muretas escalonadas de apoio de terças no entreforro
Alvenaria/Vedação;Contrapiso de Regularização e=3cm;386.82;m²;11,6 m³ de argamassa sobre laje térrea
Pisos/Acabamentos;Piso Porcelanato Retificado 60x60cm;282;caixas (406.08 m²);Área útil com 10% perda
Pisos/Acabamentos;Argamassa Colante AC-III (Porcelanato);194;sacos 20kg;Dupla colagem 10 kg/m²
Pisos/Acabamentos;Rejunte Flexível Porcelanato Junta 2mm;20;sacos 5kg;Rejuntamento de porcelanato retificado
Pisos/Acabamentos;Clips Niveladores Plásticos 60x60cm;41;sacos 100un;Assentamento e nivelamento de porcelanato (4.100 un)
Pisos/Acabamentos;Cunhas Niveladoras Reutilizáveis;13;sacos 100un;Giro de 30% da frente de trabalho (1.300 un)
Pisos/Acabamentos;Revestimento Cerâmico WCs 45x45 Eliane;65;caixas (92.6 m²);Paredes sanitários/copa h=1,80m
Pisos/Acabamentos;Argamassa Colante AC-II (Parede);23;sacos 20kg;Assentamento cerâmico de parede
Pisos/Acabamentos;Rejunte Cerâmico Antimofo Junta 3mm;6;sacos 5kg;Rejuntamento de paredes molhadas
Pisos/Acabamentos;Espaçadores / Cruzetas Plásticas 2/3mm;28;sacos 100un;Juntas de assentamento cerâmico e pisos
Pisos/Acabamentos;Rodapé de Porcelanato h=10cm;422.62;m;Rodapé com 10% de perda
Pisos/Acabamentos;Lona Plástica Preta Proteção de Piso;4;bobinas 100m²;Proteção de pisos acabados contra danos
Pintura;Tinta Acrílica Premium (Latas 18L);38;latas de 18L;Paredes/tetos (36) + Platibanda impermeável (2)
Pintura;Selador Acrílico Base Água (Latas 18L);13;latas de 18L;Preparação e selagem de reboco novo (223 L)
Pintura;Lixa Grossa p/ Reboco (Grão 80/100);112;folhas;Desbaste de reboco paulista
Pintura;Lixa Fina p/ Massa/Gesso (Grão 150/220);262;folhas;Acabamento fino pré-pintura
Pintura;Fita Crepe Proteção 24mm x 50m;13;rolos 50m;Isolamento de rodapés, caixilhos e vidros
Esquadrias;Portas P1 a P5 Madeira/Alumínio;24;conjuntos;Conjuntos executivos de portas completas
Esquadrias;Dobradiças 3 ½" x 3" em Aço Inox;82;dobradiças inox;3 un por folha de abrir (26 folhas)
Esquadrias;Fechaduras Completas (Cil/Gorge/Tranq);24;conjuntos;Máquina, cilindro, maçaneta e roseta
Esquadrias;Batedores de Porta de Piso Inox;26;unidades;Batedor com amortecedor emborrachado
Esquadrias;Espuma de Poliuretano Expansiva 750ml;11;tubos 750ml;Fixação e calafetação de marcos/batentes
Esquadrias;Parafusos e Buchas Nylon S8 Batente;3;caixas 100un;Fixação mecânica de batentes (202 un)
Esquadrias;Pregos sem Cabeça 12x12 p/ Alizares;5;pacotes 100un;Fixação de guarnições e alizares (504 un)
Esquadrias;Cola Branca PVA Madeira D3 (500g);4;frascos 500g;Colagem de esquadrias e alizares
Esquadrias;Janelas J1 a J4 Alumínio e Vidro;18;conjuntos;Janelas completas de correr e basculantes
Esquadrias;Selante PU 40 Neutro Caixilhos (310ml);14;tubos 310ml;Vedação perimétrica externa de caixilhos
Impermeabilização;Membrana Polimérica Flexível WCs/Copa;19;caixas 18kg;3 demãos cruzadas em áreas molhadas (92,62 m²)
Impermeabilização;Tela de Poliéster / Véu de Reforço;2;rolos 50m²;Estruturação de cantos vivos, meias-canas e ralos
Impermeabilização;Manta Asfáltica Poliéster 4mm Calhas;8;rolos 10m²;Impermeabilização de calhas pluviais (71,3 m²)
Impermeabilização;Primer Asfáltico Base Solvente Calhas;2;baldes 18L;Imprimação para manta asfáltica (36 L)
Impermeabilização;Gás GLP P-13 p/ Maçarico de Manta;2;botijões P-13;Aplicação a fogo da manta asfáltica
Cobertura/Metálica;Telha Termoacústica Sandwich EPS 30mm;70;telhas 6m;Telha trapezoidal inclinação 15° (419,42 m²)
Cobertura/Metálica;Parafuso Auto-brocante 12x1" c/ EPDM;19;caixas 100un;Fixação de telhas nas terças (1.802 un)
Cobertura/Metálica;Parafuso Costura 10x3/4" c/ EPDM;4;caixas 100un;Travamento longitudinal de emendas de telhas (383 un)
Cobertura/Metálica;Fita Vedação Butílica 15mm (rolos 10m);13;rolos 10m;Estanqueidade de emendas de telhas e calhas
Cobertura/Metálica;Terça Metálica Perfil U 100x40x2,25mm;28;barras 6m;Estrutura metálica de apoio (573,3 kg)
Cobertura/Metálica;Chumbadores Parabolts CBA 3/8" x 3";63;unidades;Ancoragem mecânica das terças nas muretas
Cobertura/Metálica;Calha Galvanizada nº 24 Dev 80cm;19;peças 3m;Captação pluvial com abas (54,6 m)
Cobertura/Metálica;Rebites de Repuxo Alumínio 4,0x10mm;5;centos (500un);Fixação de emendas de calhas e rufos
Cobertura/Metálica;Selante PU 40 p/ Calhas e Rufos;6;tubos 310ml;Calafetação e estanqueidade de calhas
Cobertura/Metálica;Rufo/Pingadeira Galvanizada Dev 40cm;29;peças 3m;Topo de platibanda (86,1 m)
Cobertura/Metálica;Ralo Hemisférico Abacaxi Inox Ø150mm;8;unidades;Bocais de descida pluvial de calhas
Elétrica/Telecom;Cabo Cobre Flexível 750V (2.5/4.0/6.0mm²);34;rolos de 100m;21 rolos 2,5mm² + 8 rolos 4,0mm² + 5 rolos 6,0mm²
Elétrica/Telecom;Cabo Sintenax 0,6/1kV 35mm²;126;m;Alimentador geral da entrada
Elétrica/Telecom;"Eletroduto Rígido PVC Ø3/4"" (25mm - 3m)";176;varas de 3m;Infraestrutura de teto e paredes
Elétrica/Telecom;"Caixas de Embutir PVC (194un 4x2"" + 26un 4x4"" + 72un Octogonais)";292;unidades;Pontos de tomada, interruptor, luz e dados
Elétrica/Telecom;"Módulos de Tomadas 10A/20A + Interruptores + Placas 4x2""";369;peças;142 tomadas + 33 interruptores + 194 placas/suportes
Elétrica/Telecom;Cabo UTP Cat6 LSZH (Dados/Voz);16;rolos de 100m;Cabeamento estruturado de rede
Elétrica/Telecom;"Kit Telecom (1 Rack 19"" 12U + 2 Patch Panels + 1 Switch PoE + 38 Keystones)";1;kit completo;Infraestrutura de dados de guarita e rede
Elétrica/Telecom;Quadros Elétricos (1 QDG 150A + 2 QDF 24e + Disjuntor Moldado 150A);4;conjuntos;Distribuição trifásica de energia
Elétrica/Telecom;Disjuntores DIN + DRs + DPSs;61;dispositivos;30 monopolares + 19 bipolares + 4 DRs 40A + 8 DPS
Elétrica/Telecom;Painéis e Luminárias LED (72 Painéis 60x60 + 17 Herméticas + 14 Emergência);103;luminárias;Iluminação interna, externa e de emergência
Elétrica/Telecom;Fita Isolante 3M 20m;30;rolos;Isolamento de conexões e caixas elétricas
Elétrica/Telecom;Abraçadeira Nylon 200 x 4,8mm (Enforca-Gato);20;pacotes c/ 100un (2000un);Organização de cabos no rack e eletrodutos
Elétrica/Telecom;"Abraçadeira Tipo D / Cunha 3/4"" de Aço Galvanizado";150;unidades;Fixação de eletrodutos aparentes
Elétrica/Telecom;Parafuso c/ Bucha Nylon S8 (Caixas c/ 100un);10;caixas (1000un);Fixação de luminárias, quadros, suportes e calhas
Hidráulica/Esgoto;Tubos PVC Soldável Água Fria (Ø25mm e Ø50mm - 6m);51;varas de 6m;33 varas Ø25mm + 18 varas Ø50mm
Hidráulica/Esgoto;Tubos PVC Esgoto/Pluvial (Ø40/75/100/150mm - 6m);67;varas de 6m;12 varas Ø40mm + 8 varas Ø75mm + 26 varas Ø100mm + 21 varas Ø150mm
Hidráulica/Esgoto;Conexões PVC Soldável Água Fria (Joelhos, Tês, Luvas, Transposição);217;unidades peça-a-peça;91 joelhos 90° Ø25 + 34 joelhos c/ latão + 51 tês + 15 curvas transposição + 26 outros
Hidráulica/Esgoto;Conexões PVC Esgoto (Joelhos 90°/45°, Junções Y 45°, Tês Sanitários);94;unidades peça-a-peça;38 joelhos 90° Ø100 + 24 joelhos 45° Ø100 + 19 junções Y + 13 tês sanitários
Hidráulica/Esgoto;"Registros c/ Canopla Cromada (12 Gaveta 3/4"" + 4 Gaveta 1.1/2"" + 6 Pressão)";22;registros cromados;Fecho geral e regulagem por ambiente
Hidráulica/Esgoto;Reservatórios Polietileno 5.000 Litros c/ Tampa;2;unidades;Reserva de água potável
Hidráulica/Esgoto;Kits Louças e Metais (10 Bacias C/ CA + 12 Lavatórios c/ Torneira Automática);22;conjuntos completos;Sanitários e apoio
Hidráulica/Esgoto;Sifões Sanfonados Universais + Engates Inox 40cm + Válvulas Escoamento;51;peças;15 sifões + 24 engates flexíveis + 12 válvulas inox
Hidráulica/Esgoto;Fita Veda-Rosca PTFE 18mm x 50m;12;rolos;Vedação de pontos roscados de metais e registros
Hidráulica/Esgoto;Adesivo Plástico para PVC (Frascos 850g);8;frascos de 850g;Colagem de conexões de água e esgoto
Hidráulica/Esgoto;Solução Preparadora para PVC (Frascos 850ml);6;frascos de 850ml;Limpeza e preparação de tubos antes da colagem
Consumíveis/Canteiro;Disco de Corte Diamantado 110mm (Serra Mármore);15;unidades;Corte de blocos, cerâmica e porcelanato
Consumíveis/Canteiro;"Disco de Corte para Aço 7"" (Esmerilhadeira)";25;unidades;Corte de vergalhões de aço e terças metálicas
Consumíveis/Canteiro;Lona Preta de Proteção e Impermeabilização 4x50m;2;rolos;Proteção de materiais no canteiro e cura de concreto
